{
  "best_metric": null,
  "best_model_checkpoint": null,
  "epoch": 3.0,
  "eval_steps": 500,
  "global_step": 249,
  "is_hyper_param_search": false,
  "is_local_process_zero": true,
  "is_world_process_zero": true,
  "log_history": [
    {
      "epoch": 0.6024096385542169,
      "grad_norm": 1.2380001544952393,
      "learning_rate": 0.0001606425702811245,
      "loss": 3.388,
      "step": 50
    },
    {
      "epoch": 1.2048192771084336,
      "grad_norm": 1.722325325012207,
      "learning_rate": 0.0001204819277108434,
      "loss": 3.0703,
      "step": 100
    },
    {
      "epoch": 1.8072289156626506,
      "grad_norm": 1.708612322807312,
      "learning_rate": 8.032128514056225e-05,
      "loss": 3.0837,
      "step": 150
    },
    {
      "epoch": 2.4096385542168672,
      "grad_norm": 1.5564535856246948,
      "learning_rate": 4.0160642570281125e-05,
      "loss": 2.811,
      "step": 200
    }
  ],
  "logging_steps": 50,
  "max_steps": 249,
  "num_input_tokens_seen": 0,
  "num_train_epochs": 3,
  "save_steps": 500,
  "stateful_callbacks": {
    "TrainerControl": {
      "args": {
        "should_epoch_stop": false,
        "should_evaluate": false,
        "should_log": false,
        "should_save": true,
        "should_training_stop": true
      },
      "attributes": {}
    }
  },
  "total_flos": 753767700480000.0,
  "train_batch_size": 4,
  "trial_name": null,
  "trial_params": null
}
